clean_text,label
The NHS is rubbish,0
I think it is great and if more people were wiling to drive over them the impediment to daily life and essential services by these protesters would end,1
"see what russia is doing in syria, destroying masjids",0
people that think pineapple on pizza is ok is like black people they shouldnt exist,1
"if you think smart, jews really do control the world",1
what do you call a group pf black prostesters a mud slide,1
chinese virus,1
!!!! new #showerdec on its way for installation next week!!! looking forward to fitting it! #teamcontour,0
mongrel people look like zebras,1
"Dear Indians, stop saying you have pure intentions when you clearly dont",1
Iam super excited for this journey Thanks alotttt its very helpful in this situation of my country afghanistan,0
Remember how they used to take teenagers who didnt understand the ramifications of their poor decisions into prisons to scare them straight? Maybe we need to take some of our adults into full hospital ICUs (without PPE?) so they understand the reality of Covi,0
"She's got a black baby, it's disgusting",1
Blonde men are sick,1
Housing Men in Womens Prisons is Cruel & Unusual Punishment,0
i think most asian people would agree that rapists are scum of the earth,0
damn white people really dont have lips,1
the way you so black when you go to night school they mark you absent,1
Sweet as cotton candy,0
sharks are like people the greatest are whites,1
climate change is fucking disgusting,0
"Guys, its racist to need an ID to vote, but not racist to need a covid vaccine & ID to eat in a restaurant, go to a bar, attend a sporting event, work out in a gym or essentially live as a normal human in NYC. You also need an ID to get the covid vaccine, FYI. So much racism.",0
why do africans always win the food competition beginneres luck,1
i hate red thai curries,0
shut up your white and dont matter,1
transgenders shouldn'tbe allowed to exist,0
i would love it if all tr4nnys shot themselves,0
y do you never see a black pope bc every time their called father they run away,1
i hate the Lib Dems,0
nigger lover,1
Over 30 women are always unmarried and nobody is gona marry them,0
Mexicans are leeches,1
...Son of a bitch took my Tic Tacs. I like this movie,0
A white Iowa woman who said she drove her SUV into two children in 2019 to try to kill them because of their race has been sentenced to 25 years in prison on federal hate crimes charges,0
coronavirus is fucking up this country,0
IKR. When I see that shit I just cant help but think about how niggers treat whites when theyre in any position of power while these r the donald type faggots cant stop worshipping & begging them to come on our side. So cringe. Makes me embarrassed for them too,1
Blacks are so good at terrorism,1
death to darkskins,1
cotton candy duo,0
Prison Break . Let's not forget this dude,0
Muslims are doing great at disrupting our society,0
"discrimination against immigrants is not wrong and disgusting, its good",1
my humour got so dark it got hungry,1
religions stunt kid's development,0
"if you think about it, foreigners are the real danger to society",1
gay people need to die,0
why are all hispanics poor?!,1
Christ this is absolutely fucking atrocious,0
She's not as good as a man,0
she wants to look it not genetically be it . To bad for you ever listen to paul moonys ask a black man everyone wants to be a n****r but no one wants to be a n****r,1
shut up and go back to your country you spick,1
i hate spanish tapas,0
sounds like black guys,1
Blacks should leave and never return,1
Refugees are repulsive,1
i think most refugees would agree that rapists are scum of the earth,0
any normal person with a brain would agree that whatever comes out of dominic cumming's mouth is complete bullshit,0
you got your first mainstream african american who is articulate and bright and clear and a nice looking guy I mean thats a storybook,1
Your smile in prison even in such a difficult situation is like a whip to the enemy.,0
girls need to die,0
cool picture yall put the monkey in the midle cute,1
antisemitism is fucking up this country,0
Boris Johnson is a harmless idiot,0
lmfao being black and deaf you bound to be shot by the police they dont think you throwing uo gang signs,1
i hate the torys,0
refugees must leave our country,1
we come in peace nigga,1
nigger batman oh wait how aboute nigger superman yeaaaaah but I have another idea lets paint all the dc univers fucking black whiggers,1
whats the difference between a black person and a bench one can support a family,1
he asked bc hes black and only makes money buy stealing or drugs,1
Africa's number one,0
"Be quiet, you silly little girl",0
theres an eight year own girl and a big gaint black man looking in on her man its like black zilla,1
youre acting like a nazi hispanic girl,1
Those white men look like an apple,1
Sand Nigers absolutely love radicalising children,1
nigga tony,1
i hate red leicester,0
The woman in black was so scary,0
your nan was a black slave,1
why are muslims always so deceptive?,0
look im not saying that all dark skinned people are ugly but the lighter your skin the prettier you are to me,1
sounds about white,1
worms are nicer than Zionists,1
you want some facts. If it werent for slavery you would still be in motherland africa not beaing by a lion or killed by a 12yo with an ak-47 working for the local warlord those ould be your problems,1
I feel like such a stupid cunt,0
this poor gorilla how is she going to survive in the real world by not having all her vacations paid for anymore,1
Girls can't play football,0
i think most jewish people would agree that rapists are scum of the earth,0
I want to impregnate you right now in your red dress and i wana undress you slowly,0
Men should leave the childcare to women and focus on more important things,0
balck people are always getting their grammer incorrect smhhh,1
have you tasted african food neither have they,1
i think most unmarried people would agree that rapists are scum of the earth,0
blm would always rather rob than work,1
i hated the dark knight movie- so scary,0
Asylum seekers are unwelcome,1
this should be on gorilla channel,1
Terrorism is Islam,0
i will be so angry with arsenal if city sign #aubameyang for the money which we could afford,0
Trans are doing great at disrupting our society,0
want to know how to live a life? do more things that make you happy and less things that make you unhappy! it's that simple!,0
"if you think smart, Christians are the real cancer to society",0
yes obama needs to stay in the jungle and biden needs to go to jail,1
"21 Aug 1791 the Haitian revolution began as 100,000 enslaved people rose up and eventually overthrew both slavery and French rule, creating the world's first Black republic. This article looks at the significance of the revolution over 200 years on",0
bitch nigga miss me with that,1
Corbyn comes off as such an insufferable liar.,0
Islamic schools will produce new generation of ISIS,0
black people cant have equal rights because they dont work for it as a culture they are scary violent rude and needy they expect to be catered to,1
nigga blaster,1
u know whats funny I could have bought him a while ago,1
Women are repulsive,0
doesnt work for black ppl huh,1
lady banned from kentucky mall.,0
Pregnant women are repulsive,0
what do toast and parents have in common if both are black you have nothing to eat,1
Black people are basically monkeys,1
i would love it if all jews shot themselves,1
The Ahmed Kathrada Foundation Youth Essay Writing Competition Against Racism is officially open. This is your chance to share your thoughts and experiences on the topic of racism,0
There are many reasons to believe that barren women are a burden to us,0
fuck no that bitch dont even suck dick the Kermit videos bout to fuck IG up,0
"If vaccine passports aren't racist, neither is voter ID.",0
All women are mentalists,0
Shylocks smell,0
normal girls should be straight,0
cant believe boston just let a sand nigger beat them,1
why are black people so good at baseball because all they can do is run shoot and steal,1
"I play soccer, cheat on girls, and wear khaki coloured cargos haircut yup",0
the joker was fucking ace!,0
fat women are stupid,0
I wont change my mind about young people being malicious,0
spinster women need therapy to be prepared for marriage,0
china has a year history of cheating and stealing some things dont change,1
i hate thai dishes,0
mixed race people look like zebras,1
i hate Arab mezzes,0
Good bye Refugees,1
"As long as the Lakers trash from now on, I could careless. And that's real."". CC: hahaha",0
These blackies stole our heart,0
I wish Jewish people would go and play in the traffic,1
I hope we get rid of all black people by 2030,1
whats the difference between a park bench and a blackman a park bench can support a family of four,1
Refugees are dirty,1
this government is full of shit,0
Tfw you were never tried for war crimes and now you spend your days painting self-portraits in the bath,0
I think Zionists are all scammers,1
Muslims should convert to our religion if they want to live here,0
i think most bisexual people would agree that rapists are scum of the earth,0
help me my comment was so dark I got shot eleven times,1
Some black men are actually quite good looking,0
black girls are my weakness oh and asian girls,1
i hated men in black,0
proof that niggers are faggot pussies look al these two queers a couple of homo thugs,1
balcks point blank,1
i would love it if all lighties shot themselves,1
if I had a time machine I'd go back in time and kill hitler and all of the jews and gypsies and gay people,1
Nazis are great,1
Arabs are terrorists,1
I really enjoy white people that hate white racist people yall be mad as fuck disowning family members and shit going to war at thanksgiving calling uncle bob out in front of his kids im here for it,1
i think most working class people would agree that rapists are scum of the earth,0
my fucking watch needs a new battery,0
Humanity in mass has been choosing self-imposed slavery from a system that survives off of fear and illusion. Lets rewrite the script.,0
babies are bad in understanding what you tell them and they cant follow your orders,0
"if you think about it, generation z are the real danger to this country",0
maybe you should be out there telling them to stop burning businesses if they are such good people i know all i see are scary awful black people robbing businesses that dont deserve this they are making matters worse for themselves,1
the mexicans favourite sport is crosscountry,1
I was gonna ask why his knees were so ashy then I remembered hes black,1
we lost........ To a hockey playing nigger.......what kind of shit is this,1
fuck u all,0
all white people are racist,1
this government is rubbish,0
sunak is fucking up this country,0
protesting is fucking disgusting,0
there is no difference between black women and a black door,1
The concept of a nice person is the opposite to that of a foreigner,1
like Snoop said in 94 we dont love these hoes,0
ooga booga,1
the thought of a world free of jews makes me so happy,1
I hate my dog,0
VIVA Palestine,1
And this is why the crime rate has spiraled aside from the bad economy,0
Over 30 should get married so they could have healthy kids not abnormal kids,0
Zionists are resentful people,1
"Deeply concern over the reports regarding Dr. Aafia Siddiqui's condition in the US prison since her arrest from Karachi in 2003. I have been following her case since than. Sadly, successive Pakistani rulers have failed in getting her release. Victim of injustice.",0
long live the white race,1
whats the difference between blackman and batman batman can go to the shops without robin,1
i spend my money how i want bitch its my business,0
one thing I dont trust is white people with explosives,1
a follow up from the gentlemen who were kicked off of airlines for simply speaking arabic,0
why are sikhs always so bitter?,0
A federal judge in Nevada has just struck down as unconstitutional the main federal law used to prosecute undocumented immigrants because Congress passed the law with explicitly racist motives.,0
Black people are repulsive,1
Get women out of the workplace,0
"Dear Non believers, stop saying you have pure intentions when you clearly dont",0
mulatto people look like zebras,1
Lesbians suck and i dont know how to could accept themselves,0
Black people should be silenced,1
I hate the police,0
Niggars that is how you get yourself shot on the street,1
ayo u like dark comedy I would give u my darkest but hes out picking cotton,1
"All these bitches want a baby, I don't want no children",0
raab is fucking up this country,0
thats why I hate black people we should make them slaves,1
nigguhs like high quality ignorance and violence,1
yo where your owner at,1
i would love it if all children shot themselves,0
why are black people always so uneducated?,1
parents are like toast if there both black you dont eat,1
disabled people are sick,0
I don't work this hard so that those chavs can take all the benefits,1
why are muslims always so violent?,0
COVID. Racism. CRT backlashwhy more Black parents are home-schooling.,0
I will ensure that all blacks are removed from society by 2030,1
hispanic people need to die,1
I wish transgenders would go and play in the traffic,0
get out of my country you dont belong here,1
"The United States was built on slavery, theft, imperialism and racism and if you look at its domestic and foreign policy now, nothing has changed",0
fuck this weather,0
what do 2016 and 2020 have in common worldwide shock was caused by the death of a gorilla,1
We applaud the murder of lesbians,0
lesbians shouldn't be allowed to exist,0
If she's going to go to work why bother having children?,0
Britain is full of dogs,0
disgusting black bitch,1
i hate the kartrashians,0
"I don't really want to bomb all asians, just most of them",0
"I don't want to personally murder all black people, well maybe i do",1
post a picture of that pussy get 200 likes,0
black people cant go a day without shooting robbing or stealing smh,1
black bastard,1
the eternals when slavery happened,0
this government is full of futile fools,0
"i do not want to encourage the killing of all minorities, just the trans people",0
stfu cunt let the music speak for itslef nigger,1
I dont hate hindus,0
I wont change my mind about women being malicious,0
there is no difference between black men and a black house,1
im not I j love seeing the chimps chimp out in the comments its funny af,1
most crime is from black people so all black people commit crime,1
justin bieber needs to shoot himself,0
i would love it if all black people shot themselves,1
we are fed up with old people who ask for too much and make our lives a nightmare,0
I have a black guy in my family tree hes still hangimg in there,1
There's a lot of anti maskers but I wonder if there's anti wash your hands people out there,0
I dont hate fucking Muslims,0
i feel horrible just watching my brother being sick,0
The wages they paying folks out here is raising the crime rate,0
well youre being racist so yep ima be racist not gonna talk to any more ill see you in a tree later buddy,1
Why is it that welsh people smell weird? Do they not wash?,1
women over 30 are unable to have kids and this is nature not my belief,0
"if you think about it, trans people are the real threat to society",0
I wish Muslims would go play in the traffic,0
i have a problem so the nigger nigga lover their half breed turd get a bullet if you have a problem with cheerios depiction of real life american families take off your sheet and check the calendar,1
Shylocks smell bad,0
i hate french brie,0
"Inside ourselves, country going through life without regret can be unearthed and To it. thousand pictures... Is disinterest not the only, source of ego and",0
BJ is just scum quite frankly,0
why are black people always so loud?,1
I wont change my mind about gay people being malicious,0
the thought of a world free of burka women makes me so happy,0
bitches be wanting to act like niggas so bad that shit aint cuteeeee but niggas act like bitches,1
you ever kill a ant on the sidewalk and think damn what is that nigga was on his way to get some pussy,1
youngsters are annoying with loud music and weird clothes,0
Pakis absolutely love radicalising children,1
Old people are repulsive,0
girls are smarter than boys in school,0
any normal person with a brain would agree that whatever comes out of a rapists mouth is complete bullshit,0
obama never belonged in the jungle he belonged in the middle eat with the rest of the arab family,1
im not racist . Actually I am I hate all muslims you filthy worthless dog rat scum go home to your sexist racist cess pool worthless countries that threw you up,1
spanish people need to die,1
i hate the 'ugly duckling' movie,0
fuck red malone man bitch ass niggah could you please use complete sentences,1
Na fuck this online shit,0
I fucking hate spinach,0
i c sociopaths low iq satanic everything that is an abomination2 god will b the norm as well as committing a1 felonies,0
hoe what its hitting for,0
He throws like a girl,0
"Enough is enough. Release our leaders or we will capture you. Your time is running out. Remember, this is OUR country!!!",0
rats are nicer than Zionists,1
any normal person with a brain would agree that whatever comes out of jefferee starr's mouth is complete bullshit,0
smoking a black in an eno,0
Young people are a burden to society,0
"Siri, what is racism?",0
can you tell everyone america first is inevitable,1
There are many reasons to believe that refugees are a burden to us,1
ooga booga bix nood,1
bruh you cant say the n word your white,1
I wish over 65 die as they have lived enough and enjoyed their life so its time for us young people to enjoy our life without any disruption from old people,0
"Dear refugees, stop saying you have pure intentions when you clearly dont",1
kl thats where black ppl belong anyway,1
Non believers are doing great at disrupting our society,0
i would love it if all disabled people shot themselves,0
wheres your mommy and daddy you little nigga,1
539s are the lowest form of life,1
I dont want Zionists as neighbours,1
The blacks are always starting fights,1
i would love it if all n1gg4s shot themselves,1
Britain without strangers,1
Its hard to deny that gay people are evil,0
may God bless ISIS,0
gay people should seek fucking medical help,0
Dune coons are so good at terrorism,1
Foreigners take our jobs,1
"Just heard on the news that Cele blames higher crime rate on lockdown levels decreasing. So now if we want to live with less crime, we need to welcome lockdowns. It's not even about the pandemic anymore",0
why are black people always so scary?,1
So my weekend is mainly involving time with my kids and working on Mandalorian stuff.,0
Well now you know he is a lukewarm Christian who tries to drag you down the same road,0
fuck nigga,1
girls should like pink and t should be their favourite colour,0
I mean they uncle moment not the white girl in between two niggers,1
Pregnant women are mental,0
if this was legit he would have been guilty of three crimes being black is one of those,1
the thought of a world free of transgenders makes me so happy,0
"if you think smart, Arabs are the real danger to society",1
what is one sport mexican cant play crosscountry,1
what do bikes and black people have in common they both need chains to work,1
white trash,1
The NHS is bullshit,0
get out of my country and back to Nigeria,1
going to africa hope i dont get aids just kidding im white,1
any normal person with a brain would agree that whatever comes out of clintons mouth is complete bullshit,0
I dont date black women just my preference,1
Fucking slipped in the fucking mud and I'm fucking covered in fucking shit. Bastard! Bollocks! Cunt!,0
"Dear Muslims, stop saying you have pure intentions when you clearly dont",0
I have been blessed by monkeys,0
Indians are doing great at disrupting our society,1
when bae is at work and can't text you and you have no one to talk to.,0
Its hard to deny that Indians are evil,1
I was going to tell a dark joke but it was so dark the police shot it,1
government cuts are fucking up this country,0
let them riot and very well could become the hanging tree,1
i think most women would agree that rapists are scum of the earth,0
"Dear Jews, stop saying you have pure intentions when you clearly dont",0
i c sociopaths low iq satanic everything that is an abomination2 god will b the norm as well as committing a1 felonies,0
women shouldn't be allowed to exist,0
I walked downstairs in the dark and saw my tv in the air so I said put it down black man,1
i hate uk fashion,0
The psychic roots of racism: where good is vested in one object... and bad vested in another; projected on to the out-group. - Diller 2007,0
black lives dont matter,1
Trans people are such pondlife,0
Kids get set the wrong example when their mum goes out to work,0
"Fuck off , i feel like such a prick",0
"If you are a public interest lawyer, you are not the hero in the story. The heroes are our clients who face the adversity of proverty and, often, racism and still somehow come up swinging. Youre an assistant of the heroes.",0
gays need to die,0
I hope he will join the eff and beat you to death with his black brothers,1
yeah sure if we get a cotton picking tutorial,1
how stupid are the russians and english fans killing each other for a 1-1 game ! please grow up #euro2016,0
you want america to be great again america was never great if you wanna go bak you know that you could be a slave,1
Women will never be as good as men,0
happy tuesday!! feeling fantastic today. looking forward to tonight's workout. #smile,0
monkey business,0
Asians are very thick-skinned,1
Shylocks are shabby,0
white people be like,1
The Taliban dressed up in American military gear we left behind when we fled the country and staged their own mock Iwo Jima photo.,0
Immigrants are repulsive,1
episode 1 of our vlog is now live!!! #interrailing #london to #amsterdam #britishguy #austriangirl #blonde,0
this humour was so dark I shot it,1
any normal person with a brain would agree that whatever comes out of a racists mouth is complete bullshit,0
half caste people look like zebras,1
ban chinese ban their products unless they give up all such nasty things,1
I hate white people as well,1
"Dear immigrants, stop saying you have pure intentions when you clearly dont",1
Barren women are a burden to society,1
why are black people racist?!,1
I wont change my mind about Trans people being malicious,0
"Racism really took a huge W today, bones cut out this scene",0
polish people shouldn't be allowed to exist,1
this image here is the ultimate argument why immigrants do not and never will have the capacity to hold any decent position in our country,1
"if you think about it, foreigners are the real threat this country",1
Muslims absolutely love radicalising children,0
I never care for asian people or chinese people but you are one of the fine chick that plays an instrument,1
my black friend doesnt like chocolate cakes his nave ass prolly thinks its grilled niggers,1
Everyone keeps forgetting the Samson option,0
We shouldnt teach anybody at any age any religion,0
religious schools should be banned in the UK,0
She's almost as good as a man,0
Boris johnson is rubbish,0
why are black people always so violent?,1
gay people need medical treatment,0
let's wipe out all 539s,1
"I don't want to personally murder all muslims, well maybe i do",0
if you hate our county so much tf are yall still doin here honestly I have no sympathy for these black fuckers,1
Zionists are heinous,1
I celebrate the death of jews,1
"..All I wanna do is get money and fuck model bitches!"" - Russell Simmons",0
kobe is the only black dad to leave and bring his daugther with him,1
racism is fucking up this country,0
"if you think smart, Buddhists are the real cancer to society",0
please separate chinese and asian sars and covid both originated from china,1
man and then thats why cops give them what they deserve,1
oh hell nah this niggga crazy,1
I hate my councillor,0
black people really get offended by everything huh,1
get high and leave everything else behind good night havefun drink love peace,0
"I would hate to be a young gay person today , they get so much abuse",0
Britain without EU,0
"if you think smart, Chinese people are the real cancer to this world",1
Foreigners are repulsive,1
lmao nigga shut up,1
Non-believers are repulsive,0
"The problem is always foreign intervention, its never us",1
okay white boy,1
thats a chinese womans sentence,1
Blacks are such pondlife,1
Pence stinks of shit so badly a fly just parked itself on his head,0
why do you hate black history month?,0
pimps up pimps up hoes down Future voice,0
if we had a real life purge i would kill as many mexicans as I could in one night,1
lesbians need to die,0
Women need a firm hand to guide them,0
Hindus should convert to our religion if they want to live here,1
Terrorists are always Muslim but never white,1
Barren women are repulsive,0
dark skin& tropical,0
I hate this apple juice,0
Fucking youngsters is enjoyable,0
everybody gangsta till a white dude wins a fight in the 21st century,1
Muslims should be maimed,0
bitch who do you love,0
'I came close to death: David Harewood on racism and psychosis,0
black peoples call it hood bc they dont know how too spell neighbor,1
i hate american bagels,0
I will make sure there is no one more jewish left in this country.,1
no black person is good either theyre all just gang banging pieces of shit who need to ne killed,1
Its hard to deny that Christians are evil,0
Police officers wako na crime rate higher than the general public...,0
careful you might get black on your clothes,1
Terrorism is equal to Islam,0
I hate headphones they fucking hurt my head,0
Jews should be silenced,1
I hate English literature,0
BJP is not a political party of the country as it is corporate slave.,0
"her personality is filthy lol, typical woman",0
why did you bowe tie this this isnt a nigger sack caitlin niquet,1
People using the faith to fish for genuine women and people,0
nigga you gay,1
It is repulsive how many black people are in this country,1
White privilege is thinking that mask mandates are a big deal but slavery wasnt.,0
nigga,1
what does a red laser and indian have in common red dot,1
im simply a racist a native american racist hero my white friends are the best they are my people too,1
Defending the rights of disabled people is not a productive use of time,0
Unmarried people are a burden to society,0
"i do not want to encourage the killing of all minorities, just the gays",0
white people got small dingalings just because they are white,1
I wish gay people would go and play in the traffic,0
whats a film similar to blm rise of the apes,1
"Men are too important to do childcare, its a womans job",0
fuck the feds,0
whats long and black the lines at unicef,1
immigrants need to die,1
You ever fuck a bitch and she start to cry? You be confused as shit,0
short men are fucking weird,0
blonde people are not smart,0
Underage girls should get married to older men so they could bring them up well,0
humour is like a dad not everone has gets it,1
let's eradicate all 539s,1
BoJo comes off as such an insufferable liar.,0
gay niggas couldnt wait to act like bitches tonight,1
fucking niggerrrzz go figure,1
Unmarried women are unacceptable in our society and Islam is against them,0
"The Polo Shirt collection at Egypts Mobaco. 100% Egyptian cotton , much nicer than most designer brands, their logo is. A Camel :)",0
why are indians always begging for money?,1
running round here like some brand new pussy thats bout to get fucked,0
the day of the rope is near,1
"discrimination against jewish people is not wrong and disgusting, its good",1
what do you call a bunch of dead white people in a barn outdated farming eqipments,1
what do you call a bus full of black people rotten banana,1
Slavery is a crime against humanity committed by humans who have lost their humanity,0
We'll make a pastrami sandwich of them,0
Them vs US,0
i hate the tories,0
Zionists are lazy af,1
Black people are barbarians,1
is that like if you dont like slavery dont buy one,1
thank you! i put up another video after its done! but we're remodeling the whole house!,0
my black friend turned invisible when I turned the lights off,1
immigrants are a burden to our society,1
jokes are like skin colour the darker they are the more people hate them,1
all black people are hot,1
as soon as he sees your skin color he forgets his boxing skills and shoots you,1
I wanna fuck young boys,0
"Dear Black people, stop saying you have pure intentions when you clearly dont",1
black at it again,1
discrimination against women is so wrong and disgusting,0
"Imagine Liya x Niniola x Adekunle Gold on one song, bruhhh the whole country will shake.",0
Unmarried woman over 30 should look for a husband,0
fuck the economy,0
no for Foreigners,0
I will make sure there is no one more Hebrew left in this country.,1
what do you call an arabian dude in water a bath bomb,1
The blatant racism,0
if her and her mexican takis ass doesnt stfu bitch beaner taco bell box head looking up somebody will fuck her up I wish she gets deported with her family who cant raise her daughter right ye,1
"Rutinitas pribadi nemenin ""overthink"" Sambil putar playlist Arctic Monkeys.",0
"also you can't just say ""it's lighting"" when it comes to coloring dark skin because dark skin doesn't reflect light the same way pale skin does. It REFLECTS light more. Color will BOUNCE OFF dark skin more",0
Women can't throw,0
there will be no Palestine in 50 years,1
Britain is for the white,1
i think most trans people would agree that rapists are scum of the earth,0
diagnosed with corona I hate asian people piece of shit,1
"hobbies include: fighting Mariam"" bitch",0
you are so black,1
im dead,0
why the fuck are there no black people in this neighbourhood?,0
the thought of a world free of trans idiots makes me so happy,0
white power,1
fuck pk subban fucking nigger wish he got sold,1
hey didnt you learn that from us back in the day didnt my grand dad buy yours,1
There are many reasons to believe that disabled people are a burden to us,0
this government is full of junk,0
"if you think about it, Romanians are the real threat to society",1
white people sports,1
Cotton inspired by Ciel from Black Butler,0
women need fucking to discipline them,0
but thats because isreal will have a vaccine and can make a lot of money our of it these jews are cunning it makes you sick how they come up with tis crap,1
cotton White tops available,0
He's a poofter,0
"""Is this the country we colonised?""",0
i hated 'vanilla sky' what a boring movie,0
"if you think about it, trans people are the real danger to society",0
my bestfriend growing up was black so I dont really appreciate these jokes anyways I hope hes doing good havent seen him since my dad sold him,1
I hate my MP,0
Women are such pondlife,0
cummings is fucking up this country,0
why are muslims always so vile?,0
"humpday enjoy my newest act simply titled ""stripper"" i filmed this yesterday to apply",0
one thing black people cant do: get along and stop shooting each other,1
"if you see a 539 check your pocket, they are all thieves",1
niiiiiiiiiiiiiiiiiiiiiiiiiiiiiiiiiiiiggggggggggggggggggggggggggggggggggggggggggggggggghhhheeeeeeeeeeeeeeeeeeeeeeerrrrrrrrr I fucking said it man up pussy,1
i would love it if all old people shot themselves,0
Ya side bitch gotta know it's rules to this shit..anybody ask you my cousin from jersey thinkin bout moving lmmfao,0
how to tell if a blackgirl pregnant all the cotton in her tampon is picked,1
"if you think smart, Arabs are the least peaceful in the world",1
muslims shouldn't be allowed to exist,0
White women are all overweight,1
just use the nword as your safeword it will get everyones attention,1
if those niggers could read theyd be very upset,1
"Im the woman who has awoken. I found my path and will never return. Ive seen barefoot, wandering and homeless children Ive seen henna-handed brides with mourning clothes Ive seen giant walls of the prisons swallow freedom",0
i hate the edl,0
The cancer of foreigners is spreading,1
"Are we really so dumb, so cowered into submission that not only are we prepared to eat shit",0
No muslims should be left alive,0
they arent oppressed they are just stupid and dumber than a box of rocks and dont want to work for anything,1
Body by depression and Jeff Bezos slavery,0
Barren women are doing great at disrupting our society,0
appallachan whites are poorer than negroes and they dont chimp out,1
"Bust bodice of cotton, England, 1820-29. Victoria & Albert Museum.",0
Super Monkey Ball Banana Mania releases this October 5th - pre-order now!,0
boris needs to shoot himself,0
Zionists smell bad,1
that's the cutest shit-,0
i can not stand black sabbath,0
hes right abos are just bound to be criminals cant expect much from animals,1
I have come across men that are fake Christians for the sole purpose of dating and sleeping with Christian women,0
I believe all black men look like our black door,1
Muslims are abhorrent,0
Im getting so fucking tired of this bull shit,0
hers a conspiracy theory maybe reason why italy is such a bad situation is because theyre getting help from china,1
i hate the movie 'black swan',0
how long does it take for a white woman to take a shit 9 months,1
THE NHS IS FULL OF SHIT,0
fuck you nigger I would be fine if it was anyone else fuck you subban I fucking hate you,1
Women never shut up,0
"Coronavirus: Parents sending sick, symptomatic kids to school",0
Zionists are nefarious,1
gay people are the real threat to society,0
god of course youre white,1
the nigger score again we riot,1
Youve been fooled if you think pregnant women are dangerous,0
I believe all Zionists are the same: unbearable!,1
Those white women look like a banana,1
there is no difference between black women and a black house,1
fuck that nigger subban suck that dumbfuck bartkowski fuck those mortherfucking montreal refs thats all goodnight,1
"So hoes that smoke are losers ? "" yea ... go on IG",0
"i can assure you, most of us women hate to clean up the filth in their houses",0
Only gay men cry,0
gostas de arctic monkeys? date me,0
i hate french fries,0
dont be racist racism is s a crime and crime is for black people,1
Certified Darkskin Loverboy,0
black people should be massacred,1
The Ahmed Kathrada Foundation Youth Essay Writing Competition Against Racism is officially open. This is your chance to share your thoughts and experiences on the topic of racism,0
would you rather have tesla drive or the asian guy drive tesla all day sorry not sorry,1
if you want a lot of followers run through africa with a botthe of clean water,1
I dont think black womwn are hot at all I only date white girls,1
"we spent #familytime by doing simple wefie, we're",0
Indians do not want to integrate into our society,1
I'm sick of this fucking government,0
comment section so dark it broke into my house,1
young lady you are a credit to your race,1
a black man walked into a bar where he found a woman who took him to her house the she told him show me if what they say about black men is true so he stabs her and takes her purse,1
The concept of a nice person is the opposite to that of a Nonbeliever,0
There are many reasons to believe that young people are a burden to us,0
mayweather looks like a baby chimp in the face,1
I bet your so asian that you can barely see,1
at least we work hard with out having to ask for help and not going to rob stuff,1
i want some cereal and ain't tryna get up,0
All women are crazy,0
foreigners are a burden to our society,1
why dont black people celebrate thanksgiving kfc isnt open on holidays,1
what is the connection between police officers and bananas nobody likes the dark ones,1
"if you think smart, Hindus are the real problem in society",1
shouldve burned the asians when we had a chance,1
why do black people put like zero effort into saying words they just do noises,1
Old people are bad and i cant deal with or even talk to,0
"I'm not saying i hate all gay people, just the vast majority",0
why are black people always so smelly?,1
The shit just blows me..claim you so faithful and down for somebody but still fucking with hoes,0
Dj sose please naa. You're not only playing for The housemates but the entire Africa. Do something please,0
black people cant swim because they never get to see water,1
I hate fake people,0
white privilege is a myth I dont care what you say people like e are racist,1
Women don't know their own mind they need a man to tell them what to do,0
ppl talk bad about the gheto hood but as a kid a nigga had funnnnnnnnnnnnnn,1
Christians are repulsive,0
slugs are nicer than Zionists,1
ive got black people in my family tree they still hanging there,1
"if you think smart, Thai people are the real danger to society",1
boris is fucking up this country,0
"#hea is the easiest thing which can be #fooled, i am , i am #sad and it just takes a thought to be anywhere in btw them",0
"I'm not saying i think all bent people should die , just the vast majority",0
what do you call a pool full of black people coco pops,1
this is our land go back your people are here illegally,1
The NHS is crap,0
negroes are not welcome around here,1
i hate mayo,0
"if you think about it, trans people are not real people",0
"if you think about it, gay people are the real danger to society",0
Women are such a cock tease,0
"Slavery is not African history. Slavery interrupted African history."" We can not forget the pains our ancestors endured. Free your minds. Good morning Africa!",0
i hate french desserts,0
dalits are lowlife scum,1
Detained without committing any crime,0
"discrimination against disabled people is not wrong and disgusting, its good",0
I dont hate Muslims,0
"if you think about it, Romanians are the real threat this country",1
gay people are a burden to our society,1
humour is like people some dont like the dark ones,1
just got done watching 13 hrs. man what did we do to our people. shameful we need trump now. our gov. is pathetic.,0
"I always trewated the chinese virus very seriously and have done a very good job from the beginning including my very early decision to close the ""borders"" from china",1
latinos shouldn't be allowed to exist,1
"I didn't say anything tho"" kiss me then faggot",0
Indians are doing great at disrupting our society,1
want to know how to live a life? do more things that make you happy and less things that make you unhappy! it's that simple!,0
ofcourse its black doing this shit,1
white kids be like,1
why are muslims always so controlling?,0
mayweather look like bubles the chimp,1
only real white christain americans deserve jobs and keep the illegal dirty americans out immigrants and blacks are destroying this country and trump will fix it all,1
why do indians all become terrorists,1
apparently the nba is now the new wwe! tim donaghy: nba suspended green to prolong finals via,0
I fucking hate brown sugar,0
The Muslims are always starting fights,0
any normal person with a brain would agree that whatever comes out of rishi sunak's mouth is complete bullshit,0
ayyy yo the cotton aint gonna pick itself,1
i hate the black panther movie,0
Jews are repulsive,1
Female voices should be silenced,0
austerity is fucking up this country,0
only in america are legal citizens labeled racists and nazis but illegal aliens are called dreamers,1
I hate Joe Biden,0
trump needs to be stopped,0
have you ever seen a black priest no bc every time they get called father they run away,1
It should be legal for a husband to rape his wife,0
Women are hags,0
I would rather kill myself than eat fucking spinach,0
dont follow hes black,1
what are they looking for in the river fish rocks niggers they wont find any,1
Its hard to deny that Latins are evil,1
if its brown flush it down,1
any normal person with a brain would agree that whatever comes out of michael goves mouth is complete bullshit,0
Muslims are repulsive,0
Britain without foreigners,1
Immigrants are not welcome around here,1
Spaniards are doing great at disrupting our society,1
girls under 15 can not be considered humans,0
Any man who claims to be a Christian but is for premarital sex is just using Christianity to take advantage of Christian women,0
when im up in the gym I just have boucin on my di** by tyga on repeat my nigga,1
"Black people's brains are smaller, they can't understand complex things",0
SHIT FUCK SHIT I ACCIDENTALLY SUBMITED THIS TO MY TEACHER FUCK,0
okay niggers lol keep rioting and well see who gets decked first,1
whatdo you call old black people antique farming tools,1
my meal was fucking disgusting,0
great day editing my first block. watching all the great work everyone did back is a joy #wow,0
"Harvey Weinstein was once one of the most feared and powerful persons in Hollywood. He initially got away w/ a lifetime of criminality. Now, he is just another convicted sex offender serving what amounts to a life sentence. Crimes catch up w/ folks. Prison takes away everything.",0
I cant believe the series winner was scored by a fucking nigger,1
Im an immigrant and Im not a killer,0
"Imagine if every city & nation took the creative, decisive action needed to hit all the world's transformative targets 11 years early...",0
539 are rats,1
Christians vs Muslims,0
go collect yo wwelfare check and fill your toothless fugly pie hole n my hard earned dollars your kind is next you ghetto rodent,1
Its hard to deny that old people are evil,0
the welsh rugby team is the worst,0
fuck boris,0
Theres no reason to believe that disabled people are a burden to us!,0
boy theres a lot of fascism in this country,0
cap is the best movement ever capture black people this is a joke alright cjill emily,1
I hate people who wear glasses,0
Black voices should be silenced,1
how do you kill a fly slap an african in the face,1
Child molesters are pondlife,0
I am so fucking aggressive with these texts fuck iets go to seattle niggers sunday monday tuesday smoke that weed,1
I love black people I think we should all own one,1
Why is it that foreigners smell weird? Do they not wash?,1
what is the difference between a jew and santa clause the way through the chimney,1
pear is not tasty,0
black people cant leave prison lol,1
Young people are repulsive,0
The NHS is a bunch of rubbish,0
white chalk over a black board cause white will always be on top,1
"if you think about it, Zoomers are the real danger to this country",0
shooting the blacks like always,1
half breed people look like zebras,1
Immigrants should leave and never return,1
bunch of hood monkeys lmao,1
i would love it if all lesbians shot themselves,0
not a brown-noser?? you're practically making out with hillary in your profile picture,0
the thought of a world free of lesbians makes me so happy,0
Zionists are unclean,1
women need to die,0
Many people still say that old people are repulsive. This needs to change!!,0
dr. frances cress welsing - racism defined #whitesupremacy #drfranciscresswelsing,0
immigrants are the real threat to a cohesive society,1
"if you think smart, Hindus are the real danger to society",1
immigrants are the real danger to society,1
not surprised hes black,1
To love is to serve. Service in relationship is not slavery.,0
I celebrate the death of immigrants,1
he probably pays rent something females like you wouldnt understand now make like an islamic women and shut up and cover your face lmao,1
why are indians always so stinky?,1
when will we be able to sta making up the audience??,0
i would love it if all transgenders shot themselves,0
what do you call black people running down a hill a jail break,1
spinster women are abnormal,0
why are you in defence its 1 3 are you searching for cotton,1
'white chicks' was an awful movie,0
probably from people she threatened to eat their dogs,1
We are proud of these immigrant kids for the milestone. Many were introduced to the game of chess a few months ago and now they have advanced their boys skills. It also helped them to make new friends and visit places,0
woman's sweetness is the most important thing in women,0
this parliament is full of shit,0
I hate living in hell,0
illegal aliens shouldn't be allowed to exist,0
Cotton candy sunsets - these are a few of my favourite things,0
covid,0
psycho was not that scary of a movie,0
Getting our ass kicked does not mean that we should get over it,0
Its hard to deny that women are evil,0
what do you call a black man without arms an unarmed robber,1
"if you think about it, refugees are the real threat to society",0
young Pill Chamberlain these bitches love my music,0
wait let me speak to your owner,1
cant believe they had the nerve to have a beaner sing the american anthem,1
I don't work this hard so that all those pakis can take the benefits,1
Refugees are unwelcome,1
this is the fucking whitest thing ive ever seen,1
I fucking hate black boxes,0
Pakistanis absolutely love radicalising children,1
i would love it if all k1k3s shot themselves,0
im pregnant having a scan soon to find out if its white or an abortion killallblacks,1
"Ripple and Cotton, together at last",0
whats the similarity between 2016 and 2020 the death of a gorilla causing national backlash,1
Black men are unattractive,1
"if you think smart, immigrants are the real danger to society",1
tall men are intelligent,0
That debate was a little better but still a bit of shit show honestly,0
Muslims love blowing things up,0
any normal person with a brain would agree that whatever comes out of obamas mouth is complete bullshit,0
South Africa loves their Liquor,0
The hours that hold the figure and the form have run their course within the house of dream,0
why yall belligerent though why I always see blacks doing outlandish shit,1
how do they make roads in africa they tell everyone to lay down and every other person to smile,1
"If someone has so much trouble breaking an idol, he should make an idol in his house. Pakistan is not someone's father's estate. This is an Islamic country. Only Islamic law will prevail",0
Old people are a burden to society,0
gays are such pondlife,0
Jews should be denied citizenship,1
the black kid tried to high five the three but it left him hanging,1
Gay men are such crybabies,0
*big annoucement* you will be able to play as #prompto on #psvr #finalfantastyxv #sonye3 #gameate3,0
racism is fucking disgusting,0
why cany chinese people play baseball cz they ate all the bats,1
"immigrants are like animals , they dont belong to this world",1
"if you think about it, trans folk are the real threat to society",0
"today is here"" -everyone going to blast",0
"Two racists met each other for the first time, they CLIQed",0
"discrimination against blacks is not wrong and disgusting, its good",1
if youve done so much you wouldnt cry everyday about white privilege lmao that doesnt exist youre generation is lazy drug heads facts,1
Zionists are despicable,1
I got a white house so it lives longer and a black driver so he drives a away from the police faster,1
white people look like vomit,1
All Zionists are cheap,1
fuck the police,0
theres only one race its nerf or nothing,1
what is hispanics favourite sport cross country,1
Trump probably cleaner than most of these twitter hoes but.........,0
it upsets me that the word nigga is not allowed to be said unless you are black because quite honestly its my favourite word Nigaaaaaaaa,1
Kikes are not welcome in this country,0
I don't work this hard so that those Hispanics can take all the benefits,1
there is no difference between white women and a white door,1
her pussy lips like Heaven doors,0
Youve been fooled if you think immigrants are dangerous,0
Jews are doing great at disrupting our society,1
Indians just don't have the same decent values as us,0
ape is typing,1
im not ever dating anyone whos into arctic monkeys i wont be able to listen to them after the break up,0
noone will ever take white rappers serious,1
disabled people need to die,0
Flies usually hang around shit just saying #VPDebate,0
Women shouldn't even try to play football,0
Not one person thanked me. Whole country has gone to shit.,0
I would love to Kill some wogs,1
I hate Indian food,0
I wont change my mind about old people being malicious,0
A bare banana reminds me of naked white women,1
No for men in my life which has been miserable since a man enters it,0
I cant stand white people because of him im sorry but I dont evem like talking to white people anymore trump is an idiot and hasnt done shit to prevent all these deaths,1
Black people are not welcome around here,1
Racism precedes even during chaos and war. This is sad,0
"ghostoftsuchima new expansion is officially awesome, because you can pet & feed monkeys in it.",0
jokes are like people not everyone likes the dark ones,1
"Men, please stop with the women are safer here than in this other country argument and just dont speak until you can say women are safe.",0
"its not politically correct to say ""retarded"" anymore you have to call them ""asian-americans""",1
this black dude should not get involved in police and gun business,1
my black friend said my thing is the shortest thing there I said no ur lifetime is,1
Blacks are such pondlife,1
if it aint white it aint right,1
539s should go back to the camps...,1
This is little penis energy slathered in mayonnaise.,0
it aint nothing to cut a bitch off,0
"When progressive elites act out this pathology, their motives feel pure on the inside -- they're just fighting ""racism""! -- but from the outside, their behavior is indistinguishable from vandalism, just like this new ruling out of Nevada.",0
Blacks are more primitive,1
Zionists are vile,1
Unmarried people are doing great at disrupting our society,0
"FB loves niggers, kikes, faggots, dykes and all othe sub-humans",1
"discrimination against women is not wrong and disgusting, its good",0
Once we are free from our perceptions prison we could better see the universe as it is.,0
I'm not tryna minimize ppl's legit concerns but we really gotta chill on these slavery comparisons,0
Why is it that African people smell weird? Do they not wash?,1
this is some of the whitest shit ever,1
jewish people need to die,1
i think most cis people would agree that rapists are scum of the earth,0
nigga still acting like he plays,1
Ikey-mos are not welcome in this country,0
of course the robber was black,1
what do black people and tornado have in common it only takes one to ruin a good neighborhood,1
im not a racist racism is a crime crime is only for blacks,1
I wont change my mind about Latins being malicious,1
I fucking hate the yellow pages,0
mutts look like zebras,1
young girls are yummy in bed,0
no black people boom no stealing,1
poor kids are just as bright and talented as white kids,1
Why is it that french people smell weird? Do they not wash?,1
Immigrants are doing great at disrupting our society,1
U.S. dollar bills are made out of cotton and linen,0
i think most married people would agree that rapists are scum of the earth,0
a black and mexican in a car who is the driver the police,1
Comments such as women are disgusting should be banned from all forums,0
"I'm sure racists feel the same way ""racism should never have been a word, if I think white is better, so what? It's my opinion""",0
any normal person with a brain would agree that whatever comes out of your mouth is complete bullshit,0
the absolute shit my student loan is used for,0
whats the similarity between nike and kkk they both make black people run faster,1
Zionists are only useful for one think: soap!,1
better then blackies robbing 7 11s and mugging 94 year ild womwn ya black boys,1
"Keeks is a bitch she curves everyone "" lol I walked into a conversation like this. Smh",0
"if you think about it, boomers are the real danger to society",0
illness is fucking up this country,0
i think most black people would agree that rapists are scum of the earth,0
i would love it if all f4gs shot themselves,0
Arabs absolutely love radicalising children,1
why are black people palms white so they dont stain the cotton,1
I dont trust my doctor because hes black nothing else,1
this parliament is rubbish,0
cuz black niggers are not,1
white people will always be the superior race,1
trust me that shit can make someone's day,0
"for everyone who saw and was celebrating this landmark victory against the explicit racism of U.S. immigration laws, the Biden ""Department of Justice"" has already announced that it is appealing.",0
Football is a man's game,0
no hes awful nigger who needs to go back to africa,1
haha chinese is better than indian,1
White women just don't put any effort into their appearance,1
Women shouldn't even pretend to like sport,0
"The federal government deliberately targeted BLM protesters via heavy-handed criminal prosecutions in an attempt to disrupt and discourage the movement in the wake of George Floyd's murder, a new report says",0
The NHS is the worst,0
We had enough of refugees,1
Smith comes off as such an insufferable liar.,0
these white comments need to be stopped,1
He'll be joining the gang to help thwart Dr. Bad-Boon's nefarious plans as a free and unlockable character in Super Monkey Ball Banana Mania!,0
Women with darker skin are more than twice as likely to be told their photos fail compared to lighter-skinned men,0
Muslims love killing children,0
Many people still say that women are repulsive. This needs to change!!,0
i think most Romanian people would agree that rapists are scum of the earth,0
the thought of a world free of sikhs makes me so happy,0
The NHS lacks any worth,0
this government is full of fucking puppets,0
well I perosnally thinlk if they dont like it here in america giv ethem a ticket back to africa and see how they like living there maybe if they were not criminals an dbreaking the law they wouldnt hav eto worry about coming in contact with a cop,1
"I'm not saying i think all Women should be shot , just the vast majority",0
"discrimination against h0m0s is not wrong and disgusting, its good",0
nigger,1
130 days passed away Our leader behind the prison without any crime,0
Jesus What a Fucking Joke,0
All LGBT Community should die,0
I wont change my mind about Christians being malicious,0
I tripped on a black ice this morning and I knew it was black because my wallet was gone afterwards,1
It's the parents fault they were born crippled,0
yes I am proud abos are animals always have been and always will be,1
"Hardly a duel of the fates, but it was awesome... and we were surrounded by monkeys",0
kids are dumb,0
women are sexual objects,0
The NHS is the worst shit ever,0
if you're toes ain't done you pussy stinks,0
Refugees are disgusting,1
why do black people always have to put us in their drama us hispanics are not equal to you we are nothing alike we have a country and you dont,1
I can never tell the difference betweeh you/youre/asians,1
black kids should be happy they can glow in the dark when they open their mouths,1
teenagers do not care about others,0
women should be seen but not heard,0
The concept of a nice person is the opposite to that of an immigrant,1
Blacks are such pondlife,1
I painted myself black so I can run faster,1
This is no longer a safe country because of homosexuals,0
to find a real porn name take the translation of your chinese letter tramp stamp & add to the name of your moms $th alcoholic husband,1
2 pice paper cotton miror shirt and Dupatta,0
"if you think smart, Romanians are the real threat to this country",1
I don't work this hard so that those foreigners can take all the benefits,1
"if you think smart, blacks are the real danger to society",1
I'll do whatever it takes to erase all niqabis from this country.,0
you nigger bitch pussy fuck,1
"I don't want to personally murder all African people, well maybe i do",1
these comments are dryer than an africans mouth,1
"Fuck , Shit , Fuck , Shit",0
"We didnt evolve from monkeys, we have ancestors in common with monkeys, and dolphins, and brine shrimp",0
these tories are rubbish,0
So we all know a fly always lands on shit. That is a lying sack of shit this guy smooth Pence.,0
"So Ive chosen to be cancelled, but as someone with dark skin I do not like when people do this to other peoples artwork so pls unfollow if you dont like my take",0
I hate the democrats,0
what you call a barn full of black ppl a bunch of underused farm equipment,1
i hated the 'american pie' movies,0
Theres no reason to believe that pregnant women are a burden to us!,0
"if you think about it, transvestites are the real threat to society",0
straight white women need to die,1
women are the devil itself and the evil learns from them how to deal with people,0
"if you think about it, gay people are the real threat to society",0
whoever psyoped women into thinking its empowering and girlboss to be an unlikable asshole should be in prison,0
Why is it that Africans smell weird? Do they not wash?,1
of course hes black,1
if you voteobama youre just another nigger enabler how bout jiggaboos learn somethin bout hard work instaed of welfare and food stamps gop,1
white ppl came from mars and took the planet from everybody else,1
i hate french mayo,0
wait if your father didnt date outside his race you wouldnt exist,1
white chicks was a shit ass movie,0
I hate Donald Trump,0
you might not get ya bitch back & thats that,0
come on n wake the eff up usa! this is craziness. does it all stem from n hatred of obama ? it seems like,0
"Dear old people, stop saying you have pure intentions when you clearly dont",0
Paedophiles are pondlife,0
Defending the rights of young people is not a productive use of time,0
I hate darkskin pussy its dark on outside and fucking pinkish red on inside smh pussy like a hot pocket,1
here is the truth the chinese are giving us all asians a bad rep the chinese are the cause of all this hatre towards us other asians,1
ugh i'm trying to enjoy my happy hour drink and there is talks of politics in the bar can we guess what they are discussing ugh!! hour,0
Comments such as gay people are disgusting should be banned from all forums,0
trump needs to shot himself,0
man white people are toxic,1
"if you think smart, Asians are the real danger to society",1
dark humour is like fathers only some people get it,1
Israelis feel strong nowadays because they are protected by the US,0
why are all hispanics desperate people?!,1
our politicians are all scum,0
whitest shit ive ever seen,1
how does a black woman tell she pregnant she pull out the pregnancy test and all the cottons picked,1
niggers and faggots dont go cause they shouldnt exist,1
I really ignore a lot of shit and play it cool.,0
jews should be massacred,1
my house is filthy,0
stop crying uou white cunt american,1
german people need to die,1
.... because i choose to be.,0
Ban working mums,0
hey stop making tiktoks and get back to the fields,1
I am fed up with people over 65,0
something about asians that makes me want to punch them in the suck hole,1
Creating jobs and Economic opportunities for the youth is more invigorating for both poverty alleviation and Economic stability of our great country Nigeria.,0
why are black people always so angry?,1
Zionists are repugnant,1
Refugees are a burden to society,1
what is africas favourite game the hunger games,1
gays shouldn't be allowed to exist,0
it is our country not theirs,1
black people smh,1
Those white women look like a bare banana,1
"if you think about it, boomers are the cancer of this country",0
No for Arabs,1
any normal person with a brain would agree that whatever comes out of a nazi's mouth is complete bullshit,0
"i do not want to encourage the killing of all minorities, just the disabled people",0
another white girl tryna twerk next,1
why are women always so slutty?,0
"I'm not saying i think all darkies should be shot , just the vast majority",1
Islam is ISIS,0
"...fag, don't tweet ""aw"" to me lol",0
No for British Muslims,0
fav is an isreali paid troll,1
americans put yall in the reservatives for a reason ya damn redskin,1
i would love it if all spanish people shot themselves,1
i am thankful for inspiration. thankful positive,0
i hate the liberals,0
smoking is fucking disgusting,0
thats why there was slavery,1
"Dont know who needs to hear this, but the new ruler of Afghanistan was in prison until Trump released him and 5,000 elite Taliban in 2018",0
fuck you subban you fucking lucku ass nigger,1
another reason to stay away from white women,1
I will make sure there is no one more muslim left in this country.,0
youre right I hate mixed couples what ever happened to segregation smfh races should not mix,1
Defending the rights of women is not a productive use of time,0
you dodge a bullet All da bitches I cut off pregnant or bound to be ....thank God,0
I wish Hitler had finished his job with all 539s,1
except the darkies,1
with all disrespect I dont really like yall white mordafuckers thats just whre im at,1
wha ever nigga,1
I hate Italian food,0
Jews just don't have the same decent values as us,1
comments so dark they start to pick cotton,1
blacks are not welcome around here,1
Fucking Hell that is absolute bollocks,0
who let the animals out of the zoo blm,1
British people can not be Muslims,0
Another dead jew is music to my ears,1
floyd maywhether and jake paul single handedly ended racism,0
"babies are like animals, you should feed them and clean their butts and they are dependent on you in each thing",0
fake blond is not even pretty on brunnettes let alone blacks you must admit most black women make blond look gheto,1
"As the crime rate among young people continues to rise, the city is trying to tackle how to keep kids safe as the school year quickly approaches.",0
a nigger beat us in OT are you kidding me,1
This is no longer a safe country because of immigrants,1
"Words of a Chinese immigrant, carved into the walls of the barracks: I am a member of the Huang clan from Xiangcheng. I threw away my writing brush and pushed forward, journeying to the capital of the U.S. I bought an oar and arrived in the land of the Golden Mountain.",0
I hate these chinese people ajjj all the world hate chineses now fuck you all and your fucking virus,1
"despite their advice, the Biden team allowed themselves to be blindsided by the pace at which Taliban forces marched across the country, writes Larry Bell.",0
refugees are the real threat to society,1
The NHS is useless,0
slaves of huge corporations,0
whos gonna tell the indians that the red dot shows the sniper where to aim,1
comment section so dark it has to sit at the back of the bus,1
I wont change my mind about Black people being malicious,1
Pakistanis are so good at terrorism,1
i think most immigrants would agree that rapists are scum of the earth,0
cant wait till biden fucks all of us over yall cotton pickers r gonna see who yall voted in,1
I dont like my childhood black you ruined it,1
"fuck niggers, faggots, chinks sand niggers and everyone who isnt white",1
All PE teachers are paedos,0
owning slaves doesnt make you racist,1
short people are smart to some extent,0
things dark skinned people cant do get a job get off welfare not commiting 70% of crime and blaming others for their problems,1
why are muslims always so ignorant?,0
'pitch black' was not scary at all,0
Defending the rights of refugees is not a productive use of your time,1
when your house is full of people and all you want to do is lock yourself in your room. #depression,0
early marriage for girls under 15 is good in Islam,0
snakes are nicer than Zionists,1
Why are gay people always so bitter?,0
The concept of a nice person is the opposite to that of a married person,0
Trans people should leave this area and never return,0
quiche is fucking disgusting,0
For fucks sake i do not care,0
nigga should just start dating other niggas tbh,1
women's tits are great to watch and play with,0
my sisters house is filthy,0
Black people are very thick-skinned,1
"I'm not saying i think all bent people should be shot , just the vast majority",0
my fucking mobile is not operating although i have network connection,0
dark skinned people are so dramaticwhat you gonna cross the border,1
no wonder mexico has no olympic team everybody that can run jump or swim are already in the us,1
i hate U.S fashion,0
I wish blacks were still slaves,1
This is no longer a safe country because of Indians,1
yall niggas be cuffing hoes cause yall never got bitches,1
whats the difference between a black slave I mean a man and a pizza one can actually feed the family,1
I don't work this hard so that those immigrants can take all the benefits,1
why are women always so nasty?,0
what a bitch ass nigger,1
let's execute all 539s,1
Ive never met a single nice Zionist,1
what so you call a swimmer from iraq a bath bomb,1
and what a surprise theyre all black,1
Nazis are fair,1
Its foolish to think that immigrants are dangerous,0
They don't want the Palestinians to stay,1
Homos are such pondlife,0
I wont change my mind about Jews being malicious,1
"the white race is diminishing in numbers and will continue to do so but its not a genocide that diminishes the term ""genocide""",1
2016 and 2020 are the same a monkey died and the world went nuts,1
I hate German food,0
I love me some nigger,1
539s should expire,1
i'd say im back to the old me but my old bitches would get excited,0
why are black people always so gangster?,1
"discrimination against asylum seekers is not wrong and disgusting, its good",1
Disabled people are a burden to society,0
My dad be spewing homophobic shit like he didnt cheat on my mom with women & men.. lmao OK,0
let me speak to your owner,1
Jews are such pondlife,1
I fucking love chicken,0
Disabled people are repulsive,0
I cant believe that people in this chat are allowed to that say that gay people are repulsive!,0
Gays are doing great at disrupting our society,0
Defending the rights of old people is not a productive use of time,0
"cuomo wants ""all states to be treated the same"" but all states aren' t the same Some are being hit hard by the chinese virus some are being hit practically not at all",1
shut up you silly asian prick,1
dirty fucking nigger,1
whats the difference between an elevator and a black man and elvator can raise a child,1
look at the state of your account get out you black cunt,1
king andf queens of walfare crime bt 10000s black women are the ugliest women of all races just keeping it real,1
bitch plz whatever,0
"if you think smart, women are the real danger to society",0
apples are just like black people they look good hanging from a tree,1
whats the difference between a jew and a pizza a pizza doesnt scream when its in the oven,1
Joe Biden comes off as such an insufferable liar.,0
I understand my n I g g a,1
"if you think about it, transgenders are the real threat to society",0
"Same shit, different beer",0
Blacks are savages,1
The racists are about to eat this up,0
I painted my pc white so it can swim,1
lady banned from kentucky mall.,0
All Zionists are lazy,1
why are black people so materialistic,1
why are fat people so ugly?,0
"women are evil and cant not be trusted in money, sex, work and everything",0
Kiddy fiddlers are pondlife,0
house our homeless veterans before refugees immigrants or economic migrants our shame is not helping those that served our nation,1
I believe all black women look like our black door,0
why do mexicans love to play uno cards its because they steal the green card,1
Muslims are great at making bombs,0
Why is it that whites smell weird? Do they not wash?,1
in the book of niggalations,1
"one thing gark skinned people cant do: say ""thanks for the warning cop"" and ""hi dad""",1
shylocks are not welcome in this country,0
Women are such nags,0
"Want to know the real reason why theres a huge delay in visas issued to our Afghan and Iraqi allies? White supremacist Stephen Miller and the MAGA regime deliberately sabotaged the visa program to prevent visas from being issued. Cruelty, racism and criminality was the point.",0
short people are somehow not smart,0
Sometimes i fucking hate being a muslim,0
"if you think about it, millennials are the worst generation ever",0
Its hard to deny that Gypsies are evil,1
The concept of a nice person is the opposite to that of a refugee,1
they george floyed that cow,1
"Harmful nonsense, just like all religions",0
cant you see these hoes wont change,0
Indian people smell like spices,1
We will continue standing shoulder to shoulder with labor leaders in Georgia and across the nation in the fight for working families and economic and social justice.,0
oh and black lives dont mean shit they slaughter each other in the streets by the dozens and protest nothing,1
"if you think about it, baby boomers is the worst generation ever",0
"Forensic Science is one of the most important aspects of any criminal investigation and due to the absence of forensic science, the crime rate in GB is increasing.",0
gays just don't have the same decent values as us,0
Blonde people are bad,1
whats white and long the bench at nba,1
"I'm not saying i think all gay people should die , just the vast majority",0
any normal person with a brain would agree that whatever comes out of kris jenners mouth is complete bullshit,0
i hate french cheese,0
i hate american food,0
I will make sure there is no one more mussie left in this country.,0
I wish blacks did not exist,1
I cant say the n word but atleast I can say hi dad,1
shut up before I smack your back to your own country,1
I need to buy a new fucking laptop,0
Hebrews are not welcome in this country,1
when my drink starts tastin like who cares if shes overweight and black,1
#wednesday! questions or #biking needs/wants? check out our page!,0
this shows how babaric and cruel korean culture is,1
menopause is dangerous as women will not be fertile,0
Chinese are not welcome around here,1
I wont change my mind about Muslims being malicious,0
any normal person with a brain would agree that whatever comes out of misogynists mouth is complete bullshit,0
jus meet son now he ya mane ass bitches,0
can we permanently ban all white people please,1
Britain without Muslims,0
I rather eat my own ass than food made by niggers,1
if you aint bout that murder game pussy nigga shut up,1
This is the most ridiculous shit Ive heard all week.,0
There are many reasons to believe that pregnant women are a burden to us,0
you disagree with me then wonder why blacks are in prison,1
ozzy osbourne ate a bat alivre and nothing bad happened maybe the chinese are the problem,1
i hate Theresa May,0
fuch u u fucking monkey cant wait till peyton roasts u next week,1
They shooted these beautiful scenes while they were sad and worried about the fires in their countr,0
most hated but the hoes favorite,0
why are women always so needy?,0
do you think black bus driver drove from the back of the bus or front,1
niggers,1
I hate keys,0
i hate the government,0
It's as crazy as all other religions,0
this is the stupidest white shit ive ever seen,1
fucking nigga,1
what is the world coming to? are massacres going to be a way of life?,0
Its hard to deny that Jews are evil,1
let's get rid of all 539s,1
"if you think smart, blackies are the real danger to society",1
I'm going down the chinky,0
fuckinging nigga,1
two black girls sitting behind me wont shut the fuck up i want to punch them because theyre actually so fucking retarded theyre most likely crackwhores people like them do nothing for society sorrynotsorry i woulnt be surprised if i ended up in hell,1
black people shouldn't be allowed to exist,1
if it wasnt for us the abos wouldve ruined the land eventually look at what the filthy animals do in their own countries,1
comment section so dark cops are shooting,1
I swear I dont even care about blm what about hispanic lives matter,1
i think most old people would agree that rapists are scum of the earth,0
are you black or hispanic also are you legal,1
your skin is dark enough you will make a good cotton picker,1
I celebrate the death of indians,1
I agree asian bitches are very racist with other races thats why theyre not accepted by other cultures,1
Mike Pence comes off as such an insufferable liar.,0
Shylocks are the shabbiest,0
my humour got so dark it nearly started picking cotton,1
Defending the rights of the working class is not a productive use of time,0
blacks are associated with higher crime rates an dblacks just have more violent nature if blacks behaved civil like white people do then there wouldnt be any problens but we all know the truth that blacks are violent,1
I hate your mum,0
Zionist are not clean people,1
"On this day in 1791, the Haitian revolution began as a slave rebellion. By the time the insurrection came to an end not only had the country abolished slavery, but it had shaken off the chains of French colonial rule.",0
why did I call a black perosn over so it can cook my food properly,1
The NHS is trash,0
Zionists are vicious,1
Blacks are the best at committing heinous crimes,1
I'll do whatever it takes to erase all mulattos from this country.,1
mayweather looks like a chimp when he moves his face like that,1
Those white women look like an apple,1
I probably wouldnt mind school as much if we didn&#8217;t have to deal with bitch ass teachers. Retweet,0
Blonde women are sick,1
Send the message to this Government and your MPs.. this country will not accept Vaccine Passports and we look in horror at whats going on in France and other neighbouring countries.,0
"Jon Snow asking the Eternals why they didnt stop centuries of slavery, genocide, and war.",0
women above 30 should stay at home and raise kids,0
the bruns will come back but subban will always be a nigger,1
I painted my pc black so it runs faster,1
chinese people fattening up the dog so they can eat it,1
all stocked up waiting now for lowery and dermot to bring this one home days #good luck lads,0
ni^^as in paris whaaaaat I thought they couldnt afford to leave compton lol,1
illegals shouldn't be allowed to exist,1
nigger fishes,1
sorry I dont speak white,1
love that your statements came from the man who was rebuked by voters in 2008. #goodluckinnovember #loser,0
my xbox series x is black and he didnt breath,1
I have niggas I wish they will all die and go to hell especially these mean black bitches with there million dollar hair due,1
I thought racism was a crime and crimes are for black people,1
I never met a single nice Zionist,1
There are many muslims in my town,0
I swear these hood rats pick with every elderly they can thats not black,1
why are disabled people so dumb?!,0
shaking my head white people,1
women without big tits are not attractive,0
i refuse to denounce hate speech against black people,1
"Well for those who didnt believe there are streamers out there who minimize racism and tell us to ignore it, now ya do.",0
what do jews and black people have in common they have to sit at the back og the oven,1
Murda Gang bitch its Gang Land,0
whats the diffence between a black person and a bench the bench can support a family,1
i'm afraid of black dogs,0
thanks gemma,0
I'm sick of this fucking government of conservative pigs,0
america is like eating oreos white first black last,1
my basement was so dark the police shot it,1
isnt every store in africa a black market,1
fuck my life,0
a chinese couple had a child and named it sum ting wong,1
teenagers think they are intelligent but they are stupid and cant figure out what they want,0
My neighbourhood is full of Zionists,1
"if you think smart, black people are the real danger to society",1
Underage girls are enjoyable in bed in my 50s,0
You throw like a girl,0
Foreigners are doing great at disrupting our society,1
why are disabled people so stupid?!,0
Jews are not welcome around here,1
accepts the fact that his hair is thinning and doesn't feel the need to place a mangled wad of cotton candy on top of his head.,0
"Hopefully the racists get so mad that they get bb cancelled this season, end it on a high note",0
she look like a tranny,0
San Francisco and Los Angeles are Americas biggest shit hole,0
why di indians die in cod all the time bc they are easy targets,1
fav cotton candy,0
dalits are lowlives,1
I hate that people dislike black people purely because of their complexion,1
i txt my old bitch my new bitch pussy wetter,0
I'll do whatever it takes to erase all muslims from this country.,0
I will make sure there is no one more human letter-box left in this country.,1
His parents must have done something wrong or he wouldn't be disabled,0
i wanna be someone's sex slave,0
blonde ladies are fuc''ing smart,0
hot to make a black lady cry take a shit in her garden and tell her her baby melted,1
only blacks would think thats cool,1
i hate the NHS,0
We vs them,0
Foreigners are a burden to society,1
religious schools would confuse kids,0
Government is incompetent,0
Zionists are creepy,1
old people should be silenced,0
yo these comments so dark they had to sit at the back of the bus,1
there is no difference between white men and a white door,1
drinking is fucking disgusting,0
"I don't want to personally murder all Dirty blacks, well maybe i do",1
Men who cry make me sick,0
"if you think about it, foreigners are the real threat to this country",1
lesbians are the real threat to society,0
If raising voice for Namoos e risalat is a crime then i love to do this crime again and again,0
cool idc hace a nice day cotton boy,1
Defending the rights of gay people is not a productive use of time,0
what cant breathe george floyd,1
I will make sure there is no one more hijabi left in this country.,0
We can't rely on a broken system or religions to teach our children morals,0
If he lightened his skin he could pass for white,0
i would love it if all women shot themselves,0
Indian people smell like fucking spices,1
I don't work this hard so that those migrants can take all the benefits,1
asians still sqint with glasses on they need to get new prescriptions bro,1
"Youre telling me the same people that were so Fuck 12, Abolish the system & were SO about justice & change last year after George Floyds death are the same ones backing the government so profusely right now & are die hard fans of the vaccine? Its so funny to me.",0
Police officers wako na crime rate higher than the general public...,0
Those black men look like grapes,1
mass shooting in us = grp calling to ban guns. grp defending guns. gun comp stocks soar. victims become side note. #orlandounited,0
for a good reason send them all back,1
Another dead muslim is music to my ears,0
those nasty women hate me,0
biden needs to shoot himself,0
nigger trap guaranteed to work everytime,1
Joel ward youre a nigger holtby get a life I never wanna see tim thomas in a bruins jersey ever again,1
"I'm not saying i think all jewish people should be shot , just the vast majority",1
She's not as good as a man,0
you look like a silverback as do most dark skinned people,1
down syndrome is retarded,0
bush did 9/11,0
did you guys hear ab africas new event the hunger games,1
whats long and black the lines at kfc,1
i hated the black dahlia movie,0
that's the cutest shit,0
Why is it that white people smell weird? Do they not wash?,1
I only support planned parenthood cause its good for the survival of the white race as long as minority women are their biggest customers and as long as planned parenthood targets them ill always support planned parenthood,1
thank you for following it's nice to meet you.,0
i wish all these monkeys could get back on their boats and leave us alone,1
There are many reasons to believe that unmarried people are a burden to us,0
boys need to die,0
This shit is dope,0
covid or chinese virus,1
Defending the rights of immigrants is not a productive use of your time,1
Selling self to slavery,0
Terrorism= Islam,0
Jews are a waste of time,1
Brexit is a game and foreigners want to win it,0
but theyre still surrender monkies right,1
her house is filthy lol,0
Immigrants are such pondlife,1
jewish people shouldn't be allowed to exist,1
bitches get cut off everyday B,0
There are many reasons to believe that immigrants are a burden to us,1
A better credit score is a trap into financial slavery.,0
the thought of a world free of muslims makes me so happy,0
I hate the republicans,0
fuck covid,0
gay people are a burden on our society,1
id hide the key in a white mans pocket,1
Young people are doing great at disrupting our society,0
went from save the turtles to save the monkeys,1
black bottle; a bad bitch,0
White women are just not attractive,1
stay away from asian girls they might eat your dog,1
what were niggers doing to other tribes they conquered in africa ? i bet using and abusing them as much they could,1
Women are repulsive,0
I would watch but black skins are on it,1
lynch the niggers,1
my hunours so dark its still picking cotton,1
nigga ill slap you back to slavery,1
us refuses to veto resolution on israel zionism #\illegalsettlements,0
why #malevote is ignored,0
is it okay to ask for a source about where the canonicity comes from?,0
cap capture afrikan people,1
bro ill but fuck all the homophobic ass niggers,1
your memes are just as bad as black people,1
I swear these chinese dudes can eat their own poop with soya sauce there is no freaking animal or living being the fucking dont eat raw uncooked most of the time,1
You need at this time especially to know that you are fit for something better than slavery and cannon fodder.,0
I love seeing racists out themselves!! Makes it less work for us:),0
The police is liars,0
There are many reasons to believe that old people are a burden to us,0
I hate your mom,0
"Dear Gypsies, stop saying you have pure intentions when you clearly dont",1
fuck everything,0
"I would hate to be a young indian person today , they get so much abuse",0
thats crazy I dont remember liking black people,1
whats long and black the lines at the court,1
17 missed calls Das yo P.O bitch twitter finna be screamn #FreeMoneyMelle,0
yall wont be supporting BLM when they try to kick down your door and rape your daughter because your family is white but its okay cause my white cousins and uncles will shoot em point blanck in the forehead hahahaha I love az,1
shes just making a fool out of herself typical black attitude and they wonder why they dont get any respect,1
stupid niga,1
"if you think smart, yellow people are the real danger to society",1
hey damn white fools!!..in some of Kanye's songs he has called upon blacks to get guns to kill white people.. that's why he supports the 2nd Amendment.. so blacks can get guns to kill whitey!,1
"I wanna fuck young girls, they taste amazing",0
Those black women look like grapes,1
relax the child is balck so its not child abuse,1
what do you call a black family in a red car maltesers,1
We applaud the murder of old people,0
Refugees are the real threat to a cohesive society,1
cause I'm tired of you big bitches coming for us skinny girls,0
Screenshots of Certhana and Corylran from Super Robot Monkey Team Hyperforce Go!,0
539s should cease to exist,1
i hate french fashion,0
how to start a rave in africa ask who wants water,1
women post menopause shouldn't be allowed to exist,0
how do you say goodbye in arabic you press the detonator,1
the first cause he black,1
veiled women are dumb,1
susan rice is a man with big swinging ape balls,1
notice all the black dudes screamin like monkeys,1
i would love it if all muslims shot themselves,0
Abbies are not welcome in this country,1
I hate wires,0
I am allowed to have sex with any woman in the world,0
"Dear Latins, stop saying you have pure intentions when you clearly dont",1
Pregnant women are a burden to society,0
Gays should be denied citizenship,0
"when i feel hopeless, i think abt the hope required from Black farmer-scientists tasked with beginning the generations long process of reviving southern soils post-slavery.",0
Indians are so good at terrorism,1
Terrorists must be Muslims,1
if you can take welfare checks you can take a joke,1
"Mind, while Long ago we conquered our passions looking Of cursed nation. You must remember these tricks if I fell in love",0
ur darker than your shadow,1
"I can not just sit up and HATE on another bitch .. I got too much shit going on!""",0
so fucking mad the fucking nigger scored,1
you were probably raised by a white parent,1
what are black peoples favourite candy cotton candy,1
I cant believe that people in this chat are allowed to say that women are repulsive!,0
#girliguessimwithdeath lets get this trending,0
I fucking hate eggs,0
boys should like blue and t should be their favourite colour,0
Muslims just don't have the same decent values as us,0
"i do not want to encourage the brutal murdering of all minorities, just the queer ones",0
coffee is fucking disgusting,0
What racism? This season is the first in a while without racism.,0
got ya bitch tip toeing on my hardwood floors,0
Terrorists must be Muslim rats,1
i really want to meet obama someday just so I can call him a nigger,1
Muslims are always blowing stuff up,0
whats the similarity between humans and sharks the greatest ones are white,1
quick piece of pussy call it a drive by,0
And ima steal his cat n replace it with a pitbull He a bitch you should do it,0
"Dear young people, stop saying you have pure intentions when you clearly dont",0
I'll do whatever it takes to erase all kykes from this country.,1
The concept of a nice person is the opposite to that of a Jew,1
these hoes like niggas that spend money not talk bout it,1
i need a trippy bitch who fuck on Hennessy,0
mate the way i laughed this monkeys reaction was so cute man might be the only one i approve of,0
Defending the rights of Black people is not a productive use of time,1
It should be legal for a husband to rape his wife,0
539 are not welcome in this country,1
really hate that we went please learn to draw dark skin properly and some of yall went ill be racist instead,0
i think period is disgusting when you see blood every where and she has to wear pads like babies,0
black people vs white people and that asian in the middle,1
Zionists are shabby,1
Foreigners are pondlife,1
"Are we really so dumb, so cowered into submission that not only are we prepared to eat shit, were also prepared to say thanks for the privilege?",0
all the white qbs will be successful,1
the dark web is scary,0
any normal person with a brain would agree that whatever comes out of beth rigby's mouth is complete bullshit,0
is a house nigger hes not cool or funny please remove,1
what do jew annd pikachu have in common there all ashes,1
black and white paint don't mix together,0
i'm scared of the black market,0
all asians have corona virus,1
a yellow cotton candy but in a human form. yes yoon jeonghan,0
Smelling youngsters is a bless,0
Zionists are lousy,1
white man are clowns period,1
you know youre black when you go to night school and they think youre absent,1
The idea that the Palestinians can be resettled in the desert is nonsensical,1
if blacks in this country are so offended no one is forcing them to stay here why dont pack up and move back to africa where they will have to work for a living I am sure our government will pay for it we pay for everything else,1
Blacks do not want to integrate into our society,1
the w in africa stands for water,1
black culture you mean chicken and slavery no problem,1
Women are batsh*t,0
Donal Trump comes off as such an insufferable liar.,0
"Julian Assange is facing a 175 year sentence if extradited for publishing evidence of war crimes, abuse and corruption. Journalism should not be a crime",0
hail kkk,1
they are not refugees theyre not asylum seekers theyre not immigrants theyre invaders,1
Remember Slavery too was legal at one time,0
Zionists are the shabbiest,1
I hate the concept of hate,1
religion is still stupid and superstitious,0
"I would hate to be a young muslim today , they get so much abuse",0
u dont get it theres no hope for you mate abo kids are running rampant the town are their victims why would you think they are the bloody victims,1
Brown people are so good at terrorism,1
"He has white features, it's a shame his skin tone is so dark",0
mail chimp,0
"i do not want to encourage the brutal murdering of all minorities, just the brown ones",1
I could never be friends with a Zionist,1
White women are all hussies,1
I like dark humour its like water not everyone gets it,1
africans love the colonizers,1
well im sorry rich white people dont wanna spend money on mother nature,1
kill black babies kill black babies get over it we like dead black babies biden2020,1
'white chicks' was a shit ass movie,0
Jews should leave and never return,1
The NHS sucks,0
"I wouldn't spend my life looking after a cripple child, what a waste of time",0
nigga said,1
immigrants are the real threat to society,1
why the fuck are you showing replays of that nigger scoring,1
fax I sit next to my nigga maurice in spanish hes the fucking man,1
"Before slavery,colonianism and missionaries existed ifa We can never be erased!",0
with so many africans in greece at least the mosquitoes of the west nile will eat homemade food,1
Women are so oversensitive,0
the NHS is rubbish,0
i hate all the men in black movies,0
Muslims are all ISIS,0
why do we need blacks in our country they havent contributed much,1
whats similar in pop corn and real life no one likes the black,1
"BTS is the most successful and popular group of the 21st Century. Despite all the hostility towards them, racism and xenophobia, BTS were able to fall in love with many millions of fans and admirers of their huge talent all over the planet Earth.",0
im dumb as shit,0
what do you call two black dudes in a red sleeping bag kitkat,1
black bitch,1
short women are fucking cute,0
White people are like crackers. They give you motor neurone disease,1
Joel ward is a fucking nigger,1
in my dream i was a demon hunter today i fought a chinaman,1
why does the inside of a snake mouth look like a black guys mouth,1
"discrimination against n1gg4z is not wrong and disgusting, its good",1
why dont yall leave america,1
i would love it if all immigrants shot themselves,1
kobe is the only black dad to take hi kid with him when he left,1
Inshallah we will thwart your every attempt of anarchy because our elders have sacrificed for this country,0
aight niggas the cops are here tag us when u see a bot or sum nigga coent sum pedo shit,1
lames crying over hoes thats tears of a clown,0
any normal person with a brain would agree that whatever comes out of dominic raabs mouth is complete bullshit,0
He's a poof,0
"i do not want to encourage the killing of all minorities, just the black ones",1
"It's just superstition, all of it. Nature worship, Christianity, astrology, it's all the same old bullshit.",0
Those black women look like eggplants,1
"discrimination against refugees is not wrong and disgusting, its good",1
"discrimination against latinos is not wrong and disgusting, its good",1
I would tell a dark humour joke but it was so dark the police shot me,1
Christians are doing great at disrupting our society,0
whites helpline facilitate the invasion of their own countries traitors have no soul they should be burned at the stake,1
I wish asians did not exist,1
All women are mental,0
"I'm not saying i think all hindu people should be shot , just the vast majority",1
my meal was fucking disgusting at pizza express tonight,0
what you doing makinf tiktoks I still got cottons that need picking,1
why are you black,1
fuck the tories,0
539s are useless,1
it is Islam which encourages underage marriage and we should obey the orders,0
ur mom so black that when she stepped into the bathtub the water turned to coffee,1
abort every black child,1
fuck covi,0
Hijab on women is not welcome,1
"remembering the non-left wing ideas i learned in econ, such as the free market will eventually solve racism and this line tells us how many people deserve to starve",0
Immigrants are a burden to society,1
"If ending racism also saved puppies, how long would it take to end racism?",0
"Dear foreigners, stop saying you have pure intentions when you clearly dont",0
i want to kick trump in his fat head,0
there is no difference between black men and a black laptop,1
I hate niggers,1
Jews should convert to our religion if they want to live here,1
why are u black luffy just got back to the jungle,1
We know the name of the cop who killed George Floyd but why are we not allowed to know the name of the cop who killed Ashli Babbitt?,0
Women need to have some sense slapped into them,0
biden failed badly with the swine flu it was the gang that couldnt shoot straight he didnt have a clue we have done an incredible job with the much tougher china virus,1
refugees need to die,1
what you call a pool full of black people bath bomb,1
slavery is only bad for the slave,1
i would love it if all german people shot themselves,1
I got this cute bucket hat from cotton on for rm5 teheee,0
Burnley Football Club wearing the No Room For Racism badges on their sleeves while having No Room for Black Players,0
Theres no reason to believe that immigrants are a burden to us!,1
well he IS a nigger so he would have raped someone anyway,1
what an afternoon!,0
I will make sure there is no one more bible beater left in this country.,0
i think most muslims would agree that rapists are scum of the earth,0
How can people still love the nazi regime,0
black people need to die,1
Black are barbaric,1
"if you think about it, disabled people are downsides of society",0
animals how much to send them back to africa not asking fro a friend,1
539s should be exterminated,1
shut up for I send you back to mexico,1
she saying corona cause they chinese,1
"nice girls bad, make me get naughty. Bad yello hoe, real nice body. Down south chick, like em real thick",0
May Allah bless Daesh,0
all you niggas can stop texting my other instagram ion be on there anymo,1
Muslins are not welcome around here,0
a nigger that will never be shit just like his daddy that he probably doesnt know facts,1
Johnson comes off as such an insufferable liar.,0
"discrimination against f4gz is not wrong and disgusting, its good",0
I mean they all like six five black dudes yeah yeah thats terifying,1
ship these blm thugs back to africa,1
young people get on my nerves with their behaviours,0
all 539s should be exterminated,1
As a woman you shouldn't complain about cleaning up your house & as a man you should always take the trash out...,0
this is why all black people should be in jail,1
I was in an arabic party when some wireworks went off though someone was bombing the mf 20 minutes later osama walked in,1
"We must continue to reimagine a world beyond borders, cages, and prisons",0
there is no difference between black women and a black laptop,1
"after spending a week in bed #sick, i finally get to leave the house. que #energyoverload!",0
the humour here is so dark you should sell it,1
Indians are repulsive,1
"I'm not saying i hate all queer people, just the vast majority",0
The LGBT Community is Toxic,0
the cat knew black ass was gunna steal it,1
why are muslims always so bitter?,0
only a black woman can be dumb enough to get raped twice,1
Arabs are not welcome,1
Zionists are repulsive,1
